{
    "loss": 13.360727310180664,
    "accuracy": 0.4313725531101227
}