{
    "loss": 22.73125648498535,
    "accuracy": 0.5686274766921997
}