{
    "loss": 0.9693436622619629,
    "accuracy": 0.5686274766921997
}